optimization_mode,export_capacity_mw,export_case_label,baseline_tariff_regime,optimized_tariff_regime,optimized_tariff_consistent,chp_ramp_fraction_per_hour,baseline_total_cost_m_eur,optimized_total_cost_m_eur,dispatch_value_m_eur,dispatch_value_eur_per_t,dispatch_value_percent,optimized_chp_electricity_gwh,optimized_chp_steam_gwh,optimized_boiler_steam_gwh,optimized_grid_import_gwh,optimized_grid_export_gwh,optimized_peak_grid_import_mw,optimized_peak_grid_export_mw,export_constraint_binding_hours,max_export_mw,optimized_utilization_hours,screening_role
full_flex,5.0,conservative,hv_high_utilization,hv_high_utilization,False,0.5,84.55671812073318,82.43355188064396,,,,321.88,643.76,396.24,0.0,31.88,0.0,5.0,6376,5.0,,
full_flex,5.0,conservative,hv_high_utilization,hv_low_utilization,True,0.5,84.55671812073318,82.28864348083779,2.2680746398953944,4.984779428341526,2.682311577723433,295.2450023111997,590.4900046223994,449.5099953776006,26.61891633163375,31.86391864283344,23.25573840865659,5.0,6354,5.0,1144.6171204662874,
redispatch_only,5.0,conservative,hv_high_utilization,hv_high_utilization,True,0.5,84.55671812073318,83.2757247217934,1.2809933989397884,2.8153701075599744,1.5149516530558091,270.39999999999253,540.7999999999851,499.2000000000149,41.52000000000745,21.92,15.021707670046112,5.0,4384,5.0,2764.0,
redispatch_only,5.0,conservative,hv_high_utilization,hv_low_utilization,True,0.5,84.55671812073318,82.64249607884608,1.9142220418871045,4.207081410740889,2.263831998722926,270.39999999998656,540.7999999999731,499.2000000000268,35.5963730406868,15.99637304067335,25.014616753914304,5.0,3198,5.0,1423.022922592514,
full_flex,10.0,primary,hv_high_utilization,hv_high_utilization,False,0.5,84.55671812073318,81.23017640360317,,,,353.76,707.52,332.47999999999996,0.0,63.76,0.0,10.0,6376,10.0,,
full_flex,10.0,primary,hv_high_utilization,hv_low_utilization,True,0.5,84.55671812073318,81.08628754563587,3.4704305750973226,7.627319945268841,4.104263566783794,327.1145249490673,654.2290498981346,385.7709501018654,26.519393693766165,63.633918642833436,23.25573840865659,10.0,6354,10.0,1140.3376331363759,upper_bound
redispatch_only,10.0,primary,hv_high_utilization,hv_high_utilization,True,0.5,84.55671812073318,82.57031368333638,1.9864044373968095,4.365724038234746,2.3491976528234555,270.3999999999935,540.799999999987,499.20000000001295,61.62670451065655,42.02670451065009,21.487660641540664,10.0,4156,10.0,2868.004364864072,primary_screening
redispatch_only,10.0,primary,hv_high_utilization,hv_low_utilization,True,0.5,84.55671812073318,82.22084400737707,2.3358741133561134,5.133789260123327,2.762493821036037,270.3999999999887,540.7999999999774,499.20000000002244,41.14000000001124,21.54,25.35332755307569,10.0,2154,10.0,1622.6666860153598,
full_flex,20.0,high_export,hv_high_utilization,hv_high_utilization,False,0.5,84.55671812073318,78.84145902892676,,,,417.14966449283173,834.2993289856635,205.7006710143364,0.0,127.14966449283177,0.0,20.0,5633,20.0,,
full_flex,20.0,high_export,hv_high_utilization,hv_low_utilization,True,0.5,84.55671812073318,78.69961152515292,5.857106595580265,12.872761748528054,6.926837660867199,390.4842151261961,780.9684302523922,259.03156974760776,26.319393693766163,126.80360881996228,23.25573840865659,20.0,5611,20.0,1131.7376051998062,
redispatch_only,20.0,high_export,hv_high_utilization,hv_high_utilization,True,0.5,84.55671812073318,81.3932800148769,3.1634381058562995,6.952611221662196,3.741202563395881,270.3999999999957,540.7999999999914,499.2000000000085,84.72392289101317,65.1239228910089,22.713168085216942,20.0,2824,20.0,3730.1675650503576,
redispatch_only,20.0,high_export,hv_high_utilization,hv_low_utilization,True,0.5,84.55671812073318,81.62101759842906,2.9357005223041175,6.45208906000905,3.471871410752268,270.3999999999882,540.7999999999764,499.2000000000235,50.13769930796612,30.537699307954338,25.5955977177502,20.0,1273,20.0,1958.8407295992276,
full_flex,,unconstrained,hv_high_utilization,hv_high_utilization,False,0.5,84.55671812073318,78.50489362685437,,,,428.6570334619169,857.3140669238338,182.6859330761661,0.0,138.65703346191697,0.0,25.38474893503095,0,25.38474893503095,,
full_flex,,unconstrained,hv_high_utilization,hv_low_utilization,True,0.5,84.55671812073318,78.36328855444997,6.193429566283226,13.611933112710387,7.32458603400385,401.9705714193798,803.9411428387596,236.0588571612404,26.306031240869764,138.27660266024958,23.25573840865659,25.38474893503095,0,25.38474893503095,1131.1630178587557,unconstrained_upper_bound
redispatch_only,,unconstrained,hv_high_utilization,hv_high_utilization,True,0.5,84.55671812073318,81.2880833736717,3.268634747061491,7.1838126309043755,3.865612123680598,270.3999999999955,540.799999999991,499.200000000009,87.79334691731198,68.19334691730744,22.985594352178396,25.38474893503095,0,25.38474893503095,3819.4943133585584,
redispatch_only,,unconstrained,hv_high_utilization,hv_low_utilization,True,0.5,84.55671812073318,81.58299502581963,2.973723094913557,6.53565515365617,3.5168383553717946,270.39999999999327,540.7999999999865,499.20000000001346,51.29565916685937,31.69565916685264,25.634065494121675,25.38474893503095,0,25.38474893503095,2001.0738904690065,
