capacity_mw,scenario,capex_m_eur,fixed_opex_m_eur_a,benefit_2026,benefit_2030,benefit_2040,npv_m_eur,irr_percent,simple_payback_years,discounted_payback_years,eav_m_eur,eav_eur_per_t,capacity_percent_of_average_steam_load,average_annual_eboiler_steam_share_percent
5.0,low,1.0,0.017,154641.68571003774,93839.2838349094,93839.2838349094,-0.2893688610901329,3.919772915614883,11.0359435042902,not reached,-0.0380444170811171,-0.0836141034749826,4.211538461538462,0.5016360286227434
5.0,mid,1.0,0.017,154641.68571003774,214175.3348004321,437452.9451535642,0.7787264675330078,19.41992980566283,5.742392484731819,8.040078870104225,0.1023821098487261,0.2250156260411563,4.211538461538462,0.8060601768815779
5.0,high,1.0,0.017,154641.68571003774,420371.6716641138,1316231.1408009727,3.1317442929002928,33.567124427281655,4.1260333379857865,5.08043906204174,0.4117422504330742,0.9049280229298334,4.211538461538462,1.7930629142727943
10.0,low,2.0,0.034,294509.1044986546,180216.3690513298,180216.3690513298,-0.6506707995566523,3.114579189059437,11.724187739745387,not reached,-0.0855461475280393,-0.1880135110506359,8.423076923076923,1.0477568223129248
10.0,mid,2.0,0.034,294509.1044986546,414288.6072476655,728851.0170952926,1.2110476678148443,17.788878793144246,5.966631938062592,8.585660679635051,0.1592210108782612,0.3499362876445303,8.423076923076923,1.6947757110924906
10.0,high,2.0,0.034,294509.1044986546,818097.0038001686,2594633.957701534,6.080204302867918,32.897528053945265,4.220102528407434,5.210499183658975,0.7993874239448968,1.7568954372415313,8.423076923076923,3.7032015767149904
20.0,low,4.0,0.068,513931.3972765456,314658.2008741076,314658.2008741076,-1.7103391983933405,0.6715922749572166,14.19704269545534,not reached,-0.2248647541712929,-0.4942082509259186,16.846153846153847,2.097206663521452
20.0,mid,4.0,0.068,513931.3972765456,735276.6407656273,1203610.224959751,1.4603526744574216,14.963847880644604,6.660850641094533,10.148825054677154,0.1919980816984922,0.4219738059307522,16.846153846153847,3.4125820778656344
20.0,high,4.0,0.068,513931.3972765456,1474852.8449035785,4751604.310427636,10.614059537156525,30.50316813903918,4.550798359800294,5.67527209277132,1.395470495457401,3.0669681218843983,16.846153846153847,7.379558139207723
30.0,mid,6.0,0.10200000000000002,673888.7934496006,969670.5069853613,1551231.484016632,1.0342214772079334,12.446483576713943,7.471427070739356,12.168676538241204,0.1359730037465643,0.2988417664759655,25.26923076923077,5.005858899594609
