capacity_mw,scenario,anchor_year,precarbon_gas_eur_mwh,eua_eur_t,effective_fossil_gas_eur_mwh,biomethane_eur_mwh,benefit_2023_shape,benefit_2024_shape,benefit_2025_shape,mean_gross_benefit,eboiler_steam_gwh,eboiler_electricity_gwh,full_load_hours,steam_share_percent,chp_steam_gwh,chp_steam_change_gwh,chp_electricity_gwh,chp_electricity_change_gwh,gas_boiler_steam_gwh,gas_boiler_steam_change_gwh,primary_displaced_asset,grid_import_gwh,grid_export_gwh,peak_import_mw,peak_import_without_mw,network_cost_eur,total_fuel_gwh,fossil_fuel_gwh,biomethane_gwh,avoided_direct_fossil_co2_t,tariff_regime
5.0,low,2026,40.0,80.0,56.128,55.0,137354.46697704494,90359.56668533383,236211.02346773449,154641.68571003774,6.705049002362613,6.7727767700632455,1341.0098004725228,0.6447162502271743,600.3885601458545,-9.290675440691333,300.19428007292726,-4.645337720345666,432.9063908517828,2.5856264383286667,CHP steam,54.91885762540505,58.34036092826903,31.851963870024104,24.94044962713268,1945905.843817664,1528.196450038032,1039.173586025862,489.0228640121703,1827.622697448928,mixed
10.0,low,2026,40.0,80.0,56.128,55.0,267257.1538155377,154685.1424690336,461585.0172113925,294509.1044986546,14.6905761935689,14.8389658520898,1469.05761935689,1.412555403227779,592.4469413265647,-17.232294259981156,296.22347066328234,-8.616147129990578,432.8624824798664,2.5417180664122183,CHP steam,66.91057558992698,58.29508040111947,39.26722819469085,24.94044962713268,2399720.6024612854,1514.2960022268053,1029.7212815142277,484.57472071257774,3733.20728699436,mixed
20.0,low,2026,40.0,80.0,56.128,55.0,478562.3032364696,237999.25944028795,825232.6291528791,513931.3972765456,29.98365231007717,30.286517484926435,1499.1826155038586,2.8830434913535745,582.5753633482452,-27.103872238300585,291.2876816741226,-13.551936119150293,427.4409843416776,-2.8797800717765933,CHP steam,87.29040945564952,58.29157364484564,51.77456040918872,24.94044962713268,3172565.581845162,1491.0542468397591,1013.9168878510364,477.13735898872295,6919.37304949376,mixed
5.0,low,2030,30.0,80.0,46.128,45.0,54830.25705941767,100349.08144192398,126338.51300338656,93839.2838349094,4.919407836739314,4.969098824989204,983.8815673478628,0.4730199843018571,653.4350186105338,-5.765301718794315,326.7175093052669,-2.8826508593971574,381.6455735527268,0.8458938820550103,CHP steam,34.89572779987071,66.6441382801484,32.453454572424285,25.3025830809467,1446052.630890746,1563.7628790433666,1063.358757749489,500.4041212938773,1249.6773078843266,hv_low_utilization
10.0,low,2030,30.0,80.0,46.128,45.0,103880.6334720701,192137.15415856987,244631.3195233494,180216.3690513298,10.13788990375152,10.240292832072244,1013.788990375152,0.974797106129954,648.5767300779811,-10.623590251347128,324.28836503899055,-5.311795125673564,381.28538001826746,0.4857003475956152,CHP steam,42.57150007459599,66.61957228151421,39.798462143846,25.3025830809467,1766581.34791517,1554.8889049366724,1057.3244553569373,497.5644495797352,2466.192670222838,hv_low_utilization
20.0,low,2030,30.0,80.0,46.128,45.0,179505.50691774487,332742.6686740816,431726.4270304963,314658.2008741076,20.176408698732285,20.38021080680029,1008.8204349366142,1.9400392979550276,643.4847456715662,-15.715574657761842,321.7423728357831,-7.857787328880921,376.3388456297014,-4.460834040970444,CHP steam,55.256763283711535,66.61892531269434,51.67982510596928,25.3025830809467,2293245.127832686,1540.5113874653198,1047.5477434764175,492.9636439889025,4437.177785335597,hv_low_utilization
5.0,low,2040,30.0,80.0,46.128,45.0,54830.25705941767,100349.08144192398,126338.51300338656,93839.2838349094,4.919407836739314,4.969098824989204,983.8815673478628,0.4730199843018571,653.4350186105338,-5.765301718794315,326.7175093052669,-2.8826508593971574,381.6455735527268,0.8458938820550103,CHP steam,34.89572779987071,66.6441382801484,32.453454572424285,25.3025830809467,1446052.630890746,1563.7628790433666,1063.358757749489,500.4041212938773,1249.6773078843266,hv_low_utilization
10.0,low,2040,30.0,80.0,46.128,45.0,103880.6334720701,192137.15415856987,244631.3195233494,180216.3690513298,10.13788990375152,10.240292832072244,1013.788990375152,0.974797106129954,648.5767300779811,-10.623590251347128,324.28836503899055,-5.311795125673564,381.28538001826746,0.4857003475956152,CHP steam,42.57150007459599,66.61957228151421,39.798462143846,25.3025830809467,1766581.34791517,1554.8889049366724,1057.3244553569373,497.5644495797352,2466.192670222838,hv_low_utilization
20.0,low,2040,30.0,80.0,46.128,45.0,179505.50691774487,332742.6686740816,431726.4270304963,314658.2008741076,20.176408698732285,20.38021080680029,1008.8204349366142,1.9400392979550276,643.4847456715662,-15.715574657761842,321.7423728357831,-7.857787328880921,376.3388456297014,-4.460834040970444,CHP steam,55.256763283711535,66.61892531269434,51.67982510596928,25.3025830809467,2293245.127832686,1540.5113874653198,1047.5477434764175,492.9636439889025,4437.177785335597,hv_low_utilization
5.0,mid,2026,40.0,80.0,56.128,55.0,137354.46697704494,90359.56668533383,236211.02346773449,154641.68571003774,6.705049002362613,6.7727767700632455,1341.0098004725228,0.6447162502271743,600.3885601458545,-9.290675440691333,300.19428007292726,-4.645337720345666,432.9063908517828,2.5856264383286667,CHP steam,54.91885762540505,58.34036092826903,31.851963870024104,24.94044962713268,1945905.843817664,1528.196450038032,1039.173586025862,489.0228640121703,1827.622697448928,mixed
10.0,mid,2026,40.0,80.0,56.128,55.0,267257.1538155377,154685.1424690336,461585.0172113925,294509.1044986546,14.6905761935689,14.8389658520898,1469.05761935689,1.412555403227779,592.4469413265647,-17.232294259981156,296.22347066328234,-8.616147129990578,432.8624824798664,2.5417180664122183,CHP steam,66.91057558992698,58.29508040111947,39.26722819469085,24.94044962713268,2399720.6024612854,1514.2960022268053,1029.7212815142277,484.57472071257774,3733.20728699436,mixed
20.0,mid,2026,40.0,80.0,56.128,55.0,478562.3032364696,237999.25944028795,825232.6291528791,513931.3972765456,29.98365231007717,30.286517484926435,1499.1826155038586,2.8830434913535745,582.5753633482452,-27.103872238300585,291.2876816741226,-13.551936119150293,427.4409843416776,-2.8797800717765933,CHP steam,87.29040945564952,58.29157364484564,51.77456040918872,24.94044962713268,3172565.581845162,1491.0542468397591,1013.9168878510364,477.13735898872295,6919.37304949376,mixed
5.0,mid,2030,40.0,110.0,62.176,55.0,175469.15688112378,182129.05731001496,284927.79021015763,214175.3348004321,8.01715429919712,8.098135655754666,1603.430859839424,0.7708802210766462,579.7818991275228,-10.135197575688265,289.8909495637614,-5.067598787844132,452.2009465732801,2.1180432764911674,CHP steam,62.07107837568015,53.863892283686845,32.310542625203546,25.28625512768647,2050431.3806729624,1513.6929946707708,1029.3112363761245,484.3817582946467,2100.776099152678,mixed
10.0,mid,2030,40.0,110.0,62.176,55.0,343207.3927961886,341281.430242151,558376.998704657,414288.6072476655,16.9504455252408,17.121662146707877,1695.0445525240798,1.6298505312731535,570.8987494659951,-19.01834723721598,285.4493747329976,-9.50917361860799,452.15080500876405,2.0679017119751277,CHP steam,75.51045870130277,53.83817128759244,39.77380639677367,25.28625512768647,2522805.667259829,1498.1434161325976,1018.7375229701664,479.4058931624312,4232.436721793785,mixed
20.0,mid,2030,40.0,110.0,62.176,55.0,617391.54552567,584945.2950113267,1003493.081759885,735276.6407656273,34.20079051121463,34.54625304163094,1710.0395255607314,3.2885375491552526,559.8305326400313,-30.086564063179797,279.91526632001563,-15.043282031589897,445.9686768487541,-4.11422644803479,CHP steam,98.4689163939878,53.83792967237245,52.41804441768492,25.28625512768647,3329319.7814621357,1471.969355496086,1000.9391617373386,471.0301937587476,7820.586346331856,mixed
5.0,mid,2040,40.0,150.0,70.24000000000001,55.0,230499.11630241573,331627.81171020865,750231.9074480683,437452.9451535642,9.611397271498149,9.708482092422372,1922.2794542996292,0.9241728145671296,549.1159587856812,4.3720138727189815,274.5579793928406,2.1860069363594907,481.2726439428207,-13.983411144217088,gas-boiler steam,71.644423309609,46.49392061002721,32.73154686107022,24.93443591363456,2181595.490716496,1492.507775389529,1014.9052872648798,477.60248812464926,1084.5741660976903,mixed
10.0,mid,2040,40.0,150.0,70.24000000000001,55.0,452888.2507874072,642206.1302125752,1091458.6702858957,728851.0170952926,19.819173049058303,20.019366716220507,1981.9173049058304,1.905689716255606,538.9069596999208,-5.836985213041422,269.4534798499604,-2.918492606520711,481.2738672510209,-13.98218783601684,mixture,87.03685069703862,46.47096383077845,40.035331014095526,24.93443591363456,2669962.700494656,1474.7027408666293,1002.797863789308,471.9048770773214,3525.430738772948,mixed
20.0,mid,2040,40.0,150.0,70.24000000000001,55.0,817875.4166718572,1141532.778605327,1651422.479602069,1203610.224959751,39.63602541697158,40.0363893100723,1981.801270848579,3.811156290093421,525.8539435414449,-18.890001371517343,262.92697177072245,-9.445000685758671,474.5100310415835,-20.74602404545422,mixture,113.57902404783688,46.46960650848703,52.61370977142908,24.93443591363456,3510852.112003137,1444.4204786520834,982.2059254834166,462.2145531686666,7676.765501240637,mixed
5.0,high,2026,40.0,80.0,56.128,55.0,137354.46697704494,90359.56668533383,236211.02346773449,154641.68571003774,6.705049002362613,6.7727767700632455,1341.0098004725228,0.6447162502271743,600.3885601458545,-9.290675440691333,300.19428007292726,-4.645337720345666,432.9063908517828,2.5856264383286667,CHP steam,54.91885762540505,58.34036092826903,31.851963870024104,24.94044962713268,1945905.843817664,1528.196450038032,1039.173586025862,489.0228640121703,1827.622697448928,mixed
10.0,high,2026,40.0,80.0,56.128,55.0,267257.1538155377,154685.1424690336,461585.0172113925,294509.1044986546,14.6905761935689,14.8389658520898,1469.05761935689,1.412555403227779,592.4469413265647,-17.232294259981156,296.22347066328234,-8.616147129990578,432.8624824798664,2.5417180664122183,CHP steam,66.91057558992698,58.29508040111947,39.26722819469085,24.94044962713268,2399720.6024612854,1514.2960022268053,1029.7212815142277,484.57472071257774,3733.20728699436,mixed
20.0,high,2026,40.0,80.0,56.128,55.0,478562.3032364696,237999.25944028795,825232.6291528791,513931.3972765456,29.98365231007717,30.286517484926435,1499.1826155038586,2.8830434913535745,582.5753633482452,-27.103872238300585,291.2876816741226,-13.551936119150293,427.4409843416776,-2.8797800717765933,CHP steam,87.29040945564952,58.29157364484564,51.77456040918872,24.94044962713268,3172565.581845162,1491.0542468397591,1013.9168878510364,477.13735898872295,6919.37304949376,mixed
5.0,high,2030,50.0,140.0,78.224,65.0,231168.50607346,630189.7511289716,399756.7577899098,420371.6716641138,14.852190636797657,15.002212764442078,2970.438127359532,1.4280952535382363,432.13617772172967,-18.992795830477863,216.06808886086483,-9.496397915238932,593.0116316414725,4.140605193680191,CHP steam,122.54171744698654,33.60759354340927,31.514471763838102,24.495784057295435,2976645.586483628,1412.6277043100793,960.586838930854,452.0408653792254,3910.613007843789,hv_high_utilization
10.0,high,2030,50.0,140.0,78.224,65.0,435026.5255629271,1236926.1960264891,782338.2898110896,818097.0038001686,31.106451217930115,31.420657795889003,3110.645121793012,2.991004924800973,416.0288892912856,-35.10008426092198,208.0144446456428,-17.55004213046099,592.8646594907842,3.99363304299186,CHP steam,146.9552202320343,33.54900708178804,38.848125579958754,24.495784057295435,3649229.247865858,1384.370294192907,941.3718000511768,442.9984941417303,7784.364845986725,hv_high_utilization
20.0,high,2030,50.0,140.0,78.224,65.0,767119.9883853644,2241926.750396222,1415511.7959291488,1474852.8449035785,62.42937123140437,63.05997094081249,3121.4685615702183,6.002824156865804,394.236544935196,-56.89242861701152,197.118272467598,-28.44621430850576,583.3340838333995,-5.536942614392843,CHP steam,189.4853809486564,33.543682475441926,51.75928924722655,24.495784057295435,4831128.775889299,1335.770862738034,908.3241866618632,427.4466760761708,14446.763705272371,hv_high_utilization
5.0,high,2040,50.0,300.0,110.48,65.0,958246.7973493934,1745658.2015042007,1244788.4235493245,1316231.1408009727,28.907246847830148,29.19923924023248,5781.449369566029,2.779542966137514,251.7961219189453,-31.97993717558322,125.89806095947264,-15.98996858779161,759.2966312332246,3.0726903277531186,CHP steam,205.99558025958868,12.694401978828829,32.635809392608046,25.341216154968134,3470118.371474631,1282.8422060092369,872.3327000862811,410.50950592295584,7178.593903799359,hv_high_utilization
10.0,high,2040,50.0,300.0,110.48,65.0,1881877.8222740889,3447166.262515724,2454857.788314789,2594633.957701534,58.76869944692826,59.3623226736649,5876.869944692826,5.650836485281563,223.0181576392889,-60.757901455239626,111.50907881964444,-30.378950727619813,758.2131429137829,1.989202008311404,CHP steam,250.47250804537865,12.619264191358134,39.96818968363829,25.341216154968134,4240916.7915686825,1231.4442063551592,837.3820603215082,394.062146033651,14224.642880377556,hv_high_utilization
20.0,high,2040,50.0,300.0,110.48,65.0,3434129.2253519595,6336161.453864515,4484522.252066433,4751604.310427636,116.22660733116024,117.40061346581842,5811.330366558012,11.17563532030387,183.5736237325092,-100.2024353620193,91.78681186625458,-50.10121768100965,740.1997689363305,-16.02417196914092,CHP steam,328.2239091640352,12.610107564471354,52.72525991956448,25.341216154968134,5583781.752838935,1142.6307407288523,776.9889036956196,365.6418370332328,26399.90325615673,hv_high_utilization
30.0,mid,2026,40.0,80.0,56.128,55.0,635398.5584943742,274483.1121955514,1111784.709658876,673888.7934496006,44.13342550297072,44.57921767976841,1471.1141834323573,4.243598606054876,580.2601445865208,-29.419091000025045,290.1300722932604,-14.709545500012522,415.6064299105085,-14.714334502945695,mixture,102.74071903135369,58.29157364484564,61.96520436212671,24.94044962713268,3774558.0410940624,1473.8665696574164,1002.2292673670432,471.63730229037327,9275.597339066759,mixed
30.0,mid,2030,40.0,110.0,62.176,55.0,823181.140272513,732759.1168360263,1353071.2638475448,969670.5069853613,50.12780442377392,50.63414588259991,1670.9268141257971,4.8199811945936455,557.491477754738,-32.42561894847304,278.745738877369,-16.21280947423652,432.3807178214881,-17.702185475300823,mixture,115.72633667760336,53.83792967237245,62.603688512571864,25.28625512768647,3955995.181611208,1452.791876350615,987.8984759184183,464.8934004321968,10449.58860742621,mixed
30.0,mid,2040,40.0,150.0,70.24000000000001,55.0,1094163.9891836941,1471318.5009438246,2088211.9619223773,1551231.484016632,58.1246897478027,58.711807826063335,1937.4896582600898,5.588912475750259,523.0006763469424,-21.743268566019832,261.5003381734712,-10.871634283009916,458.8746339052548,-36.381421181782905,mixture,133.68107616107918,46.469606508487026,63.006145927821684,24.93443591363456,4175963.111959249,1422.071186339653,967.0084067109641,455.062779628689,10740.585285767074,mixed
